{
    "verts": [
      12.073078,
      5.360718,
      -32.506207,
      12.062191,
      5.37584,
      -32.521269,
      12.083533,
      5.361006,
      -32.515493,
      16.618806,
      11.67694,
      -2.17686,
      16.618806,
      11.600345,
      -2.17686,
      16.717753,
      11.600345,
      -2.17686,
      12.125527,
      5.19342,
      -32.47403,
      12.116455,
      5.206054,
      -32.486666,
      12.126925,
      5.206342,
      -32.495939,
      16.717753,
      10.592386,
      -2.17686,
      16.618806,
      10.592386,
      -2.17686,
      16.618806,
      10.528392,
      -2.17686,
      12.020092,
      5.203402,
      -32.40165,
      11.970574,
      5.154144,
      -32.488393,
      11.979644,
      5.141511,
      -32.475885,
      11.91636,
      5.32393,
      -32.522451,
      11.927243,
      5.308808,
      -32.507544,
      11.976861,
      5.358067,
      -32.421047,
      15.709427,
      11.600345,
      -2.17686,
      15.765306,
      11.600345,
      -2.17686,
      15.765306,
      11.67694,
      -2.17686,
      15.765306,
      10.528392,
      -2.17686,
      15.765306,
      10.592386,
      -2.17686,
      15.709427,
      10.592386,
      -2.17686,
      -12.073078,
      5.360718,
      -32.506207,
      -12.062191,
      5.37584,
      -32.521269,
      -12.083533,
      5.361006,
      -32.515493,
      -16.618806,
      11.67694,
      -2.17686,
      -16.618806,
      11.600345,
      -2.17686,
      -16.717753,
      11.600345,
      -2.17686,
      -12.125527,
      5.19342,
      -32.47403,
      -12.116455,
      5.206054,
      -32.486666,
      -12.126925,
      5.206342,
      -32.495939,
      -16.717753,
      10.592386,
      -2.17686,
      -16.618806,
      10.592386,
      -2.17686,
      -16.618806,
      10.528392,
      -2.17686,
      -12.020092,
      5.203402,
      -32.40165,
      -11.970574,
      5.154144,
      -32.488393,
      -11.979644,
      5.141511,
      -32.475885,
      -11.91636,
      5.32393,
      -32.522451,
      -11.927243,
      5.308808,
      -32.507544,
      -11.976861,
      5.358067,
      -32.421047,
      -15.709427,
      11.600345,
      -2.17686,
      -15.765306,
      11.600345,
      -2.17686,
      -15.765306,
      11.67694,
      -2.17686,
      -15.765306,
      10.528392,
      -2.17686,
      -15.765306,
      10.592386,
      -2.17686,
      -15.709427,
      10.592386,
      -2.17686
    ],
    "normals": [
      -0.073003,
      -0.489752,
      -0.8688,
      0.021859,
      -0.696283,
      -0.717434,
      -0.539965,
      -0.562795,
      -0.625859,
      0.000005,
      0,
      1,
      0.000003,
      0,
      1,
      0,
      0,
      1,
      0.025187,
      -0.69712,
      -0.716512,
      -0.071197,
      -0.490382,
      -0.868594,
      -0.539447,
      -0.563137,
      -0.625997,
      0,
      0,
      1,
      0.000001,
      0,
      1,
      0,
      0,
      1,
      -0.83081,
      -0.120536,
      0.543347,
      -0.883669,
      -0.467315,
      -0.027306,
      -0.822366,
      -0.568491,
      0.023064,
      -0.822339,
      -0.568466,
      0.0246,
      -0.88368,
      -0.467342,
      -0.026491,
      -0.830074,
      -0.120918,
      0.544387,
      0,
      0,
      1,
      -0.000003,
      0,
      1,
      -0.000005,
      0,
      1,
      -0.000001,
      0,
      1,
      -0.000001,
      0,
      1,
      0,
      0,
      1,
      0.073003,
      -0.489752,
      -0.8688,
      -0.021859,
      -0.696283,
      -0.717434,
      0.539965,
      -0.562795,
      -0.625859,
      -0.000005,
      0,
      1,
      -0.000003,
      0,
      1,
      0,
      0,
      1,
      -0.025187,
      -0.69712,
      -0.716512,
      0.071197,
      -0.490382,
      -0.868594,
      0.539447,
      -0.563137,
      -0.625997,
      0,
      0,
      1,
      -0.000001,
      0,
      1,
      0,
      0,
      1,
      0.83081,
      -0.120536,
      0.543347,
      0.883669,
      -0.467315,
      -0.027306,
      0.822366,
      -0.568491,
      0.023064,
      0.822339,
      -0.568466,
      0.0246,
      0.88368,
      -0.467342,
      -0.026491,
      0.830074,
      -0.120918,
      0.544387,
      0,
      0,
      1,
      0.000003,
      0,
      1,
      0.000005,
      0,
      1,
      0.000001,
      0,
      1,
      0.000001,
      0,
      1,
      0,
      0,
      1
    ],
    "texcoords": [
      0.600467,
      0.483328,
      0.600467,
      0.5,
      0.625,
      0.483328,
      0.600467,
      0.75,
      0.600467,
      0.766672,
      0.625,
      0.766672,
      0.600467,
      0.25,
      0.600467,
      0.26392899999999997,
      0.625,
      0.26392899999999997,
      0.625,
      0.986071,
      0.600467,
      0.986071,
      0.600467,
      1,
      0.375,
      0.26392899999999997,
      0.388855,
      0.26392899999999997,
      0.388855,
      0.25,
      0.388855,
      0.5,
      0.388855,
      0.483328,
      0.375,
      0.483328,
      0.375,
      0.766672,
      0.388855,
      0.766672,
      0.388855,
      0.75,
      0.388855,
      1,
      0.388855,
      0.986071,
      0.375,
      0.986071,
      0.600467,
      0.483328,
      0.600467,
      0.5,
      0.625,
      0.483328,
      0.600467,
      0.75,
      0.600467,
      0.766672,
      0.625,
      0.766672,
      0.600467,
      0.25,
      0.600467,
      0.26392899999999997,
      0.625,
      0.26392899999999997,
      0.625,
      0.986071,
      0.600467,
      0.986071,
      0.600467,
      1,
      0.375,
      0.26392899999999997,
      0.388855,
      0.26392899999999997,
      0.388855,
      0.25,
      0.388855,
      0.5,
      0.388855,
      0.483328,
      0.375,
      0.483328,
      0.375,
      0.766672,
      0.388855,
      0.766672,
      0.388855,
      0.75,
      0.388855,
      1,
      0.388855,
      0.986071,
      0.375,
      0.986071
    ],
    "indices": [
      0,
      1,
      2,
      3,
      4,
      5,
      6,
      7,
      8,
      9,
      10,
      11,
      12,
      13,
      14,
      15,
      16,
      17,
      18,
      19,
      20,
      21,
      22,
      23,
      24,
      25,
      26,
      27,
      28,
      29,
      30,
      31,
      32,
      33,
      34,
      35,
      36,
      37,
      38,
      39,
      40,
      41,
      42,
      43,
      44,
      45,
      46,
      47
    ]
  }